<?xml version="1.0"?>
<Runs Version="1" Minor="0">
	<Run Id="ether_hardware_design_processing_system7_0_0_synth_1" LaunchDir="C:/Users/uumut/gbethernet_igor/gbethernet_igor.runs/ether_hardware_design_processing_system7_0_0_synth_1" FlowId="Vivado_Synthesis" FromStepId="vivado" ToStepId="vivado"/>
	<Run Id="synth_1" LaunchDir="C:/Users/uumut/gbethernet_igor/gbethernet_igor.runs/synth_1" FlowId="Vivado_Synthesis" FromStepId="vivado" ToStepId="vivado">
		<Parent Id="ether_hardware_design_processing_system7_0_0_synth_1"/>
	</Run>
	<Run Id="impl_1" LaunchDir="C:/Users/uumut/gbethernet_igor/gbethernet_igor.runs/impl_1" FlowId="Vivado_Implementation" FromStepId="init_design" ToStepId="write_bitstream">
		<Parent Id="synth_1"/>
		<Parent Id="ether_hardware_design_processing_system7_0_0_synth_1"/>
	</Run>
</Runs>

